node_id,sequence_length_hours,forecast_horizon_hours,persistence_mae,lstm_mae,mae_improvement,persistence_rmse,lstm_rmse,rmse_improvement,persistence_r2,lstm_r2,better_model
Node1,12,1,1.0044740961319594,2.2475082874298096,-1.2430341912978502,5.206841299093231,5.668839454650879,-0.461998155557648,0.9183057681454648,0.9031653170866136,Persistence
Node2,12,1,0.618356282271945,3.7996013164520255,-3.1812450341800806,3.949565466658652,8.907404899597168,-4.957839432938516,0.9350231106345016,0.6695066602906107,Persistence
Node1,12,2,1.8145293130239109,3.04408597946167,-1.229556666437759,7.226523617083227,7.694760322570801,-0.46823670548757335,0.8426373847928609,0.8215843943628193,Persistence
Node2,12,2,1.0325836680053548,4.9876322746276855,-3.9550486066223307,5.432717704675371,9.172774314880373,-3.740056610205002,0.8770596174342357,0.6495212142178381,Persistence
Node1,12,3,2.503097119367228,3.8049261569976807,-1.3018290376304527,8.681377672544773,9.351537704467772,-0.6701600319229986,0.7728984951684368,0.7364829481316182,Persistence
Node2,12,3,1.2188665325285044,5.983955383300781,-4.765088850772277,5.95117523903861,11.852005004882812,-5.900829765844202,0.8526550098713696,0.4155954279047441,Persistence
