node_id,model,epochs_trained,best_validation_loss,sequence_length_hours,forecast_horizon_hours,test_rows,train_mae,train_rmse,train_r2,validation_mae,validation_rmse,validation_r2,test_mae,test_rmse,test_r2,model_path
Node1,lstm,47,0.0027015693485736847,24,2,490,1.6746811866760254,4.29125452041626,0.8771729592762317,0.278438001871109,0.6364222168922424,0.6655419326498438,3.709041118621826,8.388755798339844,0.7879502609158209,C:\Users\User\.thesis\gattio\Hydrologic Analysis V2\output\ml\models\node1_lstm_seq24_h2.pt
Node2,lstm,32,0.11469670385122299,24,2,498,3.2166543006896973,7.035170078277588,0.8582050948908844,3.7660164833068848,6.327319145202637,0.7881490703182941,5.514217853546143,10.126261711120605,0.5728715110141837,C:\Users\User\.thesis\gattio\Hydrologic Analysis V2\output\ml\models\node2_lstm_seq24_h2.pt
