node_id,model,epochs_trained,best_validation_loss,sequence_length_hours,forecast_horizon_hours,test_rows,train_mae,train_rmse,train_r2,validation_mae,validation_rmse,validation_r2,test_mae,test_rmse,test_r2,model_path
Node1,lstm,20,0.0031504028011113405,12,3,490,2.111719846725464,5.50924825668335,0.8031543467177279,0.3996051847934723,0.6969673037528992,0.5988785675826767,3.8049261569976807,9.351537704467773,0.7364829481316182,C:\Users\User\.thesis\gattio\Hydrologic Analysis V2\output\ml\models\node1_lstm_seq12_h3.pt
Node2,lstm,46,0.2826520800590515,12,3,497,3.736314058303833,7.5817341804504395,0.8368636538859989,4.8091254234313965,9.979741096496582,0.4668408114410457,5.983955383300781,11.852005004882812,0.41559542790474413,C:\Users\User\.thesis\gattio\Hydrologic Analysis V2\output\ml\models\node2_lstm_seq12_h3.pt
