node_id,model,epochs_trained,best_validation_loss,sequence_length_hours,forecast_horizon_hours,test_rows,train_mae,train_rmse,train_r2,validation_mae,validation_rmse,validation_r2,test_mae,test_rmse,test_r2,model_path
Node1,lstm,20,0.00199513859115541,24,1,490,1.2645872831344604,3.768256425857544,0.9055344090512126,0.16382169723510742,0.547633707523346,0.7523539871915804,2.0507724285125732,5.683992385864258,0.9026469313805036,C:\Users\User\.thesis\gattio\Hydrologic Analysis V2\output\ml\models\node1_lstm_seq24_h1.pt
Node2,lstm,27,0.1814528852701187,24,1,498,2.0317389965057373,5.54334020614624,0.9120425812264275,3.277240514755249,7.961909770965576,0.6645518361226169,4.276297092437744,10.242432594299316,0.5630150023335163,C:\Users\User\.thesis\gattio\Hydrologic Analysis V2\output\ml\models\node2_lstm_seq24_h1.pt
