node_id,persistence_mae,lstm_mae,mae_improvement,persistence_rmse,lstm_rmse,rmse_improvement,persistence_r2,lstm_r2,result
Node1,2.503097119367228,3.8049261569976807,-1.3018290376304527,8.681377672544773,9.351537704467772,-0.6701600319229986,0.7728984951684368,0.7364829481316182,Persistence better
Node2,1.2188665325285044,5.983955383300781,-4.765088850772277,5.95117523903861,11.852005004882812,-5.900829765844202,0.8526550098713696,0.4155954279047441,Persistence better
