node_id,model,epochs_trained,best_validation_loss,sequence_length_hours,forecast_horizon_hours,test_rows,train_mae,train_rmse,train_r2,validation_mae,validation_rmse,validation_r2,test_mae,test_rmse,test_r2,model_path
Node1,lstm,19,0.0031655393540859222,24,3,490,2.2927584648132324,5.523804187774658,0.7959484973958859,0.4161226749420166,0.6880059838294983,0.6091271739022885,3.935744047164917,9.535248756408691,0.7260276743343159,C:\Users\User\.thesis\gattio\Hydrologic Analysis V2\output\ml\models\node1_lstm_seq24_h3.pt
Node2,lstm,22,0.2461240440607071,24,3,497,4.08836030960083,8.253960609436035,0.8046308904741356,3.7503204345703125,9.264275550842285,0.5405467653359896,5.089911460876465,11.15771770477295,0.48205858732772566,C:\Users\User\.thesis\gattio\Hydrologic Analysis V2\output\ml\models\node2_lstm_seq24_h3.pt
