sequence_length_hours,horizon_hours,node_id,rows,actual_max_level_cm,predicted_max_level_cm,actual_max_change_cm,predicted_max_change_cm,lstm_mae,lstm_rmse,baseline_mae,baseline_rmse,large_false_rise_count
12,1,Node1,175,5.0,11.2433762550354,5.0,6.2433762550354,3.110717963128772,3.39752084416697,0.4302971428571428,1.12944532024732,15
12,1,Node2,176,46.287,42.01061040115356,31.593,1.610275149345398,4.305852221637964,6.047774024924348,1.6461818181818182,5.000450196777741,0
12,2,Node1,174,5.0,9.277105331420898,5.0,4.277105331420898,8.527696112243609,8.934600739823894,0.771155172413793,1.53656830101306,0
12,2,Node2,175,46.287,36.15080386352539,33.041,3.0390799045562744,9.282970062135968,10.38512083972782,2.036908571428571,4.942341404059994,0
12,3,Node1,173,5.0,12.934273719787598,5.0,7.934273719787598,13.530703349559984,14.09246591358654,1.1228034682080927,1.9075243208625368,16
12,3,Node2,174,46.287,31.10593539428711,34.445,6.167942047119141,14.89048446354921,16.138427927232716,2.4820574712643677,6.149380674357452,3
