node_id,rows,actual_max_level_cm,predicted_max_level_cm,actual_max_change_cm,predicted_max_change_cm,lstm_mae,lstm_rmse,baseline_mae,baseline_rmse,large_false_rise_count
Node1,181,5.0,10.106761932373047,5.0,5.106761932373047,3.8328813744513375,4.050468773198998,0.4436574585635359,1.171102748015237,2
Node2,182,46.287,42.53852277946472,31.592999999999996,2.429903030395508,4.391649263712076,6.025090259233905,1.591912087912088,4.91733443270609,0
