node_id,rows,actual_max_level_cm,predicted_max_level_cm,actual_max_change_cm,predicted_max_change_cm,lstm_mae,lstm_rmse,baseline_mae,baseline_rmse,large_false_rise_count
Node1,179,5.0,28.22820281982422,5.0,25.903961181640625,6.51163855408823,7.724579799784829,1.1410335195530728,1.9483358935742945,14
Node2,180,46.287,39.876640617370605,34.445,15.433394432067871,7.616245989735921,9.526406349780313,2.399322222222222,6.046022377471728,8
