horizon_hours,node_id,rows,actual_max_level_cm,predicted_max_level_cm,actual_max_change_cm,predicted_max_change_cm,lstm_mae,lstm_rmse,baseline_mae,baseline_rmse,large_false_rise_count
1,Node1,181,5.0,10.106761932373049,5.0,5.106761932373047,3.8328813744513375,4.050468773198998,0.4436574585635359,1.171102748015237,2
1,Node2,182,46.287,42.53852277946472,31.593,2.429903030395508,4.391649263712076,6.025090259233905,1.591912087912088,4.91733443270609,0
2,Node1,180,5.0,12.376680374145508,5.0,7.483962535858154,6.260355131626129,6.605472281134174,0.8010055555555556,1.6000370360296874,14
2,Node2,181,46.287,40.7542441482544,33.041,0.4059480428695678,6.569366518805699,7.91026669218779,1.9693867403314915,4.859733780194615,0
3,Node1,179,5.0,28.22820281982422,5.0,25.903961181640625,6.51163855408823,7.724579799784829,1.1410335195530728,1.9483358935742945,14
3,Node2,180,46.287,39.876640617370605,34.445,15.433394432067873,7.616245989735921,9.526406349780313,2.399322222222222,6.046022377471728,8
