node_id,rows,actual_max_level_cm,predicted_max_level_cm,actual_max_change_cm,predicted_max_change_cm,lstm_mae,lstm_rmse,baseline_mae,baseline_rmse,large_false_rise_count
Node1,173,5.0,12.934273719787598,5.0,7.934273719787598,13.530703349559984,14.092465913586539,1.1228034682080927,1.9075243208625368,16
Node2,174,46.287,31.10593539428711,34.445,6.167942047119141,14.89048446354921,16.138427927232716,2.4820574712643673,6.149380674357452,3
