node_id,rows,actual_max_level_cm,predicted_max_level_cm,actual_max_change_cm,predicted_max_change_cm,lstm_mae,lstm_rmse,baseline_mae,baseline_rmse,large_false_rise_count
Node1,174,5.0,9.277105331420898,5.0,4.277105331420898,8.527696112243609,8.934600739823894,0.771155172413793,1.53656830101306,0
Node2,175,46.287,36.15080386352539,33.041,3.0390799045562744,9.282970062135968,10.38512083972782,2.036908571428571,4.942341404059994,0
