node_id,rows,actual_max_level_cm,predicted_max_level_cm,actual_max_change_cm,predicted_max_change_cm,lstm_mae,lstm_rmse,baseline_mae,baseline_rmse,large_false_rise_count
Node1,175,5.0,11.2433762550354,5.0,6.2433762550354,3.1107179631287716,3.39752084416697,0.4302971428571428,1.12944532024732,15
Node2,176,46.287,42.01061040115356,31.592999999999996,1.610275149345398,4.305852221637964,6.0477740249243475,1.6461818181818182,5.000450196777741,0
