node_id,rows,actual_max_level_cm,predicted_max_level_cm,actual_max_change_cm,predicted_max_change_cm,lstm_mae,lstm_rmse,baseline_mae,baseline_rmse,large_false_rise_count
Node1,180,5.0,12.376680374145508,5.0,7.483962535858154,6.260355131626129,6.605472281134174,0.8010055555555556,1.6000370360296874,14
Node2,181,46.287,40.754244148254394,33.041,0.40594804286956787,6.569366518805699,7.91026669218779,1.9693867403314915,4.859733780194615,0
