split,node_id,rows,lstm_mae,lstm_rmse,lstm_r2,baseline_mae,baseline_rmse,baseline_r2,better_model
test,Node1,13,1.965736985206604,2.285796880722046,-1436200508808.8462,12.839998245239258,12.84000015258789,-45317913797237.16,LSTM
test,Node2,13,2.6930747032165527,4.575385570526123,-0.23032228651180464,14.289229393005371,14.872702598571777,-11.999998413397766,LSTM
train,Node1,64,3.015876531600952,4.151064395904541,0.850521315025889,10.814912796020508,12.359521865844727,-0.3251458918313679,LSTM
train,Node2,64,3.9463090896606445,5.808634281158447,0.803129368201187,11.560311317443848,13.331655502319336,-0.03705329717390171,LSTM
validation,Node1,14,2.898848056793213,3.5275447368621826,-3420463001013.857,12.839998245239258,12.84000015258789,-45317916009617.29,LSTM
validation,Node2,14,5.702853679656982,9.576508522033691,0.793794338810622,14.883889198303223,21.103452682495117,-0.00136686499671268,LSTM
test,Overall,26,2.3294057846069336,3.616560459136963,-0.44802507168932104,13.564615249633789,13.893575668334961,-20.370400034045726,LSTM
train,Overall,128,3.481092929840088,5.048344612121582,0.8261228376567965,11.187610626220703,12.854782104492188,-0.1273894706356269,LSTM
validation,Overall,28,4.300850868225098,7.216407775878906,0.7987277180389947,13.861947059631348,17.467416763305664,-0.17923189603937506,LSTM
