split,node_id,rows,lstm_mae,lstm_rmse,lstm_r2,baseline_mae,baseline_rmse,baseline_r2,better_model
test,Node1,21,3.283360004425049,6.36251974105835,0.7787356106374053,10.5822172164917,13.955597877502441,-0.0645109983728942,LSTM
test,Node2,21,5.78989839553833,11.206493377685547,0.18296131153849704,11.476304054260254,13.105938911437988,-0.11747915758729177,LSTM
train,Node1,88,2.909593105316162,4.4486236572265625,0.8134501197960079,8.324982643127441,10.457897186279297,-0.030937643311675478,LSTM
train,Node2,88,2.866459608078003,4.19724178314209,0.8390584175034338,8.886055946350098,10.477716445922852,-0.0029368123055761863,LSTM
validation,Node1,22,4.477970600128174,7.7588114738464355,0.5659353928066465,10.357916831970215,12.581344604492188,-0.14134805963174646,LSTM
validation,Node2,22,4.174694538116455,7.161807060241699,0.7932151149285618,10.361395835876465,15.769364356994629,-0.002540486543617604,LSTM
test,Overall,42,4.536629676818848,9.112276077270508,0.5072123730534027,11.029260635375977,13.537434577941895,-0.08762420053795172,LSTM
train,Overall,176,2.888026237487793,4.324759483337402,0.8270762224991743,8.60551929473877,10.467811584472656,-0.013077317140561595,LSTM
validation,Overall,44,4.3263325691223145,7.466278553009033,0.7215246587052475,10.35965633392334,14.264694213867188,-0.016490360148702754,LSTM
