sequence_length_hours,forecast_horizon_hours,lstm_mae,lstm_rmse,lstm_r2,baseline_mae,baseline_rmse,baseline_r2,better_model
6,1,3.840960741043091,7.557886600494385,0.4989853643927069,7.143063068389893,10.69461441040039,-0.0031825783647434,LSTM
6,2,6.687191009521484,11.63460636138916,0.5494131003914671,12.783316612243652,17.352611541748047,-0.002316476110155,LSTM
6,3,8.311773300170898,12.429247856140137,0.6892564369228236,17.300674438476562,22.326419830322266,-0.0026527762456074,LSTM
