sequence_length_hours,forecast_horizon_hours,rows,lstm_mae,lstm_rmse,baseline_mae,baseline_rmse,better_model,rmse_improvement_vs_baseline,rmse_percent_improvement
12,1,34,0.8384014964103699,2.573926448822021,4.87176513671875,4.982099533081055,LSTM,2.4081730842590336,48.336510908078125
12,2,30,1.5871745347976685,3.014589786529541,9.268001556396484,9.33945655822754,LSTM,6.324866771698,67.72200001429574
12,3,26,2.3294057846069336,3.616560459136963,13.564615249633787,13.89357566833496,LSTM,10.277015209197996,73.96954862109749
