split,node_id,rows,lstm_mae,lstm_rmse,lstm_r2,baseline_mae,baseline_rmse,baseline_r2,better_model
test,Node1,23,1.8171271085739136,3.272092342376709,0.8481807948318209,6.135767459869385,8.449685096740723,-0.012410644167266005,LSTM
test,Node2,23,3.06330943107605,6.552079200744629,0.21408034585456837,6.585269451141357,7.767187118530273,-0.1044534197386775,LSTM
train,Node1,94,1.788009524345398,2.7477569580078125,0.8292124338219302,5.0487446784973145,6.662829875946045,-0.004192673079953302,LSTM
train,Node2,94,1.81145441532135,3.211108684539795,0.7930396845206296,5.206521034240723,7.058665752410889,-5.1296102371978236e-05,LSTM
validation,Node1,24,3.3702080249786377,8.041072845458984,0.06003371544117375,5.651203632354736,8.57954216003418,-0.07007063620796439,LSTM
validation,Node2,24,2.347113609313965,4.044348239898682,0.7988156254844482,5.930205821990967,9.082798957824707,-0.014697445967333023,LSTM
test,Overall,46,2.440218448638916,5.17862606048584,0.5749937127654832,6.360518932342529,8.11561393737793,-0.04377992744657533,LSTM
train,Overall,188,1.799731969833374,2.988426685333252,0.8101918664716843,5.127633094787598,6.863602161407471,-0.0012298637412542224,LSTM
validation,Overall,48,2.8586606979370117,6.364574432373047,0.4789931620203304,5.790704727172852,8.834754943847656,-0.0039073421895743365,LSTM
