split,node_id,rows,lstm_mae,lstm_rmse,lstm_r2,baseline_mae,baseline_rmse,baseline_r2,better_model
test,Node1,31,7.130080699920654,11.346112251281738,0.7494637878961026,16.122966766357422,22.90882682800293,-0.021367558047316715,LSTM
test,Node2,31,10.973539352416992,16.409093856811523,0.3452833761368044,16.116436004638672,20.482135772705078,-0.020081170333303255,LSTM
train,Node1,118,5.249266147613525,7.3183441162109375,0.8121961828076252,12.242356300354004,17.014881134033203,-0.015164785186727814,LSTM
train,Node2,118,5.678519248962402,8.94247055053711,0.723174155613401,12.587789535522461,17.35040283203125,-0.042103272805614766,LSTM
validation,Node1,32,8.289724349975586,12.61462116241455,0.6554299671430122,15.879772186279297,21.583396911621094,-0.00871554037328326,LSTM
validation,Node2,32,8.876825332641602,13.86224365234375,0.5910990060278363,13.64843463897705,22.198657989501953,-0.048587123610904115,LSTM
test,Overall,62,9.051809310913086,14.106603622436523,0.5698266391694391,16.11969757080078,21.72938346862793,-0.02068897606695219,LSTM
train,Overall,236,5.463892459869385,8.17086124420166,0.7677998018307286,12.41507339477539,17.183460235595703,-0.02694742872722178,LSTM
validation,Overall,64,8.583274841308594,13.253121376037598,0.6245322752425893,14.764103889465332,21.8931884765625,-0.02459991829861763,LSTM
