split,node_id,rows,lstm_mae,lstm_rmse,lstm_r2,baseline_mae,baseline_rmse,baseline_r2,better_model
test,Node1,17,0.4026378095149994,0.4816761612892151,0.0,4.28000020980835,4.28000020980835,0.0,LSTM
test,Node2,17,1.274165153503418,3.60807204246521,0.01873486025086346,5.463529586791992,5.596805572509766,-1.3611110434549873,LSTM
train,Node1,76,1.1289478540420532,1.6217453479766846,0.8536556439466081,4.118513107299805,4.728853225708008,-0.24429224988986986,LSTM
train,Node2,76,1.5566604137420654,2.9107277393341064,0.8332446837265498,5.06310510635376,7.155196666717529,-0.007673172752197477,LSTM
validation,Node1,18,0.9952088594436646,1.2933024168014526,0.0,4.28000020980835,4.279999732971191,0.0,LSTM
validation,Node2,18,1.664839267730713,3.0184526443481445,0.8970118599499762,5.876667499542236,9.423184394836426,-0.00372303678743946,LSTM
test,Overall,34,0.8384014964103699,2.5739264488220215,0.0012817003498917234,4.87176513671875,4.982099533081055,-2.7417569652583094,LSTM
train,Overall,152,1.3428040742874146,2.35609769821167,0.8410777314885066,4.590808868408203,6.064606189727783,-0.0529395373218744,LSTM
validation,Overall,36,1.330024003982544,2.3220343589782715,0.892429048928454,5.078333854675293,7.318292617797852,-0.06850658700790757,LSTM
