split,node_id,rows,lstm_mae,lstm_rmse,lstm_r2,baseline_mae,baseline_rmse,baseline_r2,better_model
test,Node1,33,4.076432228088379,8.32966136932373,0.7668821362299378,10.73612117767334,17.347293853759766,-0.01107732892511093,LSTM
test,Node2,33,8.433268547058105,13.280357360839844,0.26584886460041346,12.19636344909668,15.57814884185791,-0.010177471511074287,LSTM
train,Node1,124,2.9494495391845703,4.850160598754883,0.8528145616556091,8.381598472595215,12.69633674621582,-0.008577975453514242,LSTM
train,Node2,124,3.548978090286255,6.114957809448242,0.7811191110699696,8.95482063293457,13.262025833129883,-0.02953394551443167,LSTM
validation,Node1,34,4.892564296722412,9.716794967651367,0.6480183255404671,10.574118614196777,16.409011840820312,-0.0037807723808842564,LSTM
validation,Node2,34,4.9643635749816895,8.97839069366455,0.7154629388189102,9.800727844238281,17.214502334594727,-0.04599774363125331,LSTM
test,Overall,66,6.254849433898926,11.084925651550293,0.543126165026703,11.466241836547852,16.486469268798828,-0.010615723867724247,LSTM
train,Overall,248,3.249213695526123,5.518911838531494,0.8160948027486749,8.66821002960205,12.982263565063477,-0.017625489960185092,LSTM
validation,Overall,68,4.928463459014893,9.354881286621094,0.6845988451330979,10.187422752380371,16.81658172607422,-0.019206375266114017,LSTM
