split,node_id,rows,lstm_mae,lstm_rmse,lstm_r2,baseline_mae,baseline_rmse,baseline_r2,better_model
test,Node1,29,2.81858229637146,5.810807704925537,0.7290465732813611,6.493793487548828,11.198278427124023,-0.006292229652702153,LSTM
test,Node2,29,4.863339424133301,8.970942497253418,0.22052535877364643,7.792333126068115,10.166027069091797,-0.0009867906066536314,LSTM
train,Node1,112,1.8507344722747803,2.9985294342041016,0.8483424345046942,5.155999183654785,7.719888687133789,-0.005239359740518257,LSTM
train,Node2,112,2.1374833583831787,4.124356746673584,0.8018314383073508,5.661469459533691,9.348702430725098,-0.018181136678346865,LSTM
validation,Node1,30,3.742086172103882,8.618583679199219,0.4949271507303852,6.705333232879639,12.134705543518066,-0.0012459260884063461,LSTM
validation,Node2,30,3.355595588684082,6.061847686767578,0.6754642838455642,6.2348313331604,10.900476455688477,-0.049405545330295064,LSTM
test,Overall,58,3.840960741043091,7.557886600494385,0.4989853643927069,7.143063068389893,10.69461441040039,-0.003182578364743449,LSTM
train,Overall,224,1.9941089153289795,3.6056549549102783,0.8211272084080772,5.408734321594238,8.573065757751465,-0.011226053148032378,LSTM
validation,Overall,60,3.5488407611846924,7.4507036209106445,0.5765125223479215,6.470082759857178,11.534111976623535,-0.01487916198414152,LSTM
