split,node_id,rows,lstm_mae,lstm_rmse,lstm_r2,baseline_mae,baseline_rmse,baseline_r2,better_model
test,Node1,15,1.291030764579773,1.491213083267212,-2445002128314.7334,8.559999465942383,8.5600004196167,-80565184443186.2,LSTM
test,Node2,15,1.8833184242248535,3.9939684867858887,-0.06984767408089243,9.976000785827637,10.05869197845459,-5.785716454284383,LSTM
train,Node1,70,1.9607986211776733,2.7192986011505127,0.8756919487170828,7.504217624664307,8.736162185668945,-0.283000590531699,LSTM
train,Node2,70,2.4969968795776367,3.9926974773406982,0.8488604980596623,8.648760795593262,10.388351440429688,-0.023148015882463513,LSTM
validation,Node1,16,1.8686192035675049,2.2143592834472656,0.0,8.5600004196167,8.5600004196167,0.0,LSTM
validation,Node2,16,3.63813853263855,6.119525909423828,0.8710547875147401,10.97638988494873,17.048999786376953,-0.0008465238406374365,LSTM
test,Overall,30,1.5871745347976685,3.014589786529541,-0.19770115867126514,9.268001556396484,9.339456558227539,-10.495695320067435,LSTM
train,Overall,140,2.228898048400879,3.415861129760742,0.8612502096500921,8.076489448547363,9.597874641418457,-0.09542343180486879,LSTM
validation,Overall,32,2.7533788681030273,4.601737976074219,0.8722129124658431,9.768195152282715,13.489663124084473,-0.09810894339426679,LSTM
