node_id,rows,train_rows,validation_rows,test_rows,lstm_mae,lstm_rmse,lstm_r2,persistence_mae,persistence_rmse,persistence_r2,better_model
Node1,231,190,19,22,1.8943106761483854,5.622864880442289,0.5169390041997639,1.332015427881256,5.539481915207841,0.5311596567007195,Persistence
Node2,231,174,16,41,3.3121911453628874,7.107957398900838,0.7706697883839262,2.7951727457775037,7.367407032110087,0.7536225432301319,LSTM
Overall,462,364,35,63,2.603250910755636,6.4085750307030205,0.7131328440973448,2.06359408682938,6.5178426747544265,0.7032671499863485,LSTM
