split,node_id,rows,lstm_mae,lstm_rmse,lstm_r2,baseline_mae,baseline_rmse,baseline_r2,better_model
test,Node1,35,2.6443333625793457,5.258705139160156,0.7324647181126848,5.380571365356445,10.193333625793457,-0.005207946008066955,LSTM
test,Node2,35,3.909400224685669,7.23521614074707,0.4006373418495405,6.781714916229248,9.364175796508789,-0.003981529689123242,LSTM
train,Node1,130,2.0860965251922607,3.1614065170288086,0.8045298421191933,4.450196266174316,7.166126251220703,-0.004358263367690407,LSTM
train,Node2,130,2.488558769226074,4.813085556030273,0.6875339435471188,4.877573490142822,8.677380561828613,-0.015624164076824654,LSTM
validation,Node1,36,3.656283378601074,8.060657501220703,0.4699533444688754,5.587778091430664,11.077420234680176,-0.0010377608177629671,LSTM
validation,Node2,36,2.504312515258789,5.305044174194336,0.7041645735050976,5.19569206237793,9.950728416442871,-0.040834989149777456,LSTM
test,Overall,70,3.276866912841797,6.324647426605225,0.5805162036830456,6.081143379211426,9.787537574768066,-0.00459133491054553,LSTM
train,Overall,260,2.287327766418457,4.071871757507324,0.7356728009923759,4.66388463973999,7.957710266113281,-0.009554659594144255,LSTM
validation,Overall,72,3.0802979469299316,6.823404312133789,0.574838613308998,5.391735076904297,10.529155731201172,-0.012368753037195868,LSTM
