variable,rain_intensity_node1,rainfall_node1,canal_water_level_node1,rain_intensity_node2,rainfall_node2,canal_water_level_node2
rain_intensity_node1,1.0,0.7334784365794014,-0.0064448771981217,0.0215922934682812,0.0235767877906545,0.0580708353855725
rainfall_node1,0.7334784365794014,1.0,-0.0114788068154605,0.0248668948577222,0.0657905748183723,0.0749747912784114
canal_water_level_node1,-0.0064448771981217,-0.0114788068154605,1.0,-0.0125404574132579,-0.0495137877364742,-0.090931899877578
rain_intensity_node2,0.0215922934682812,0.0248668948577222,-0.0125404574132579,1.0,0.580276015802453,0.0670093184068621
rainfall_node2,0.0235767877906545,0.0657905748183723,-0.0495137877364742,0.580276015802453,1.0,0.021928870467731
canal_water_level_node2,0.0580708353855725,0.0749747912784114,-0.090931899877578,0.0670093184068621,0.021928870467731,1.0
