node_id,variable,mean,median,std,min,max
Node1,rainfall,3.834901487736228,0.0,28.028657689422488,0.0,709.8
Node1,rain_intensity,0.35885617385806506,0.0,2.9537157332416997,0.0,101.90526315789474
Node1,accumulated_rainfall_24h,91.5816646562123,1.4,305.14859304781675,0.0,3089.1
Node1,canal_water_level,43.573518422764934,46.081818181818186,10.315512340025938,0.0,55.0
Node2,rainfall,136.0790263876251,0.0,905.6761867971433,0.0,24171.0
Node2,rain_intensity,10.726145044759287,0.0,53.191568160455176,0.0,501.9
Node2,accumulated_rainfall_24h,3265.788034576889,49.700000000003634,8809.080221745235,0.0,66994.2
Node2,canal_water_level,40.02632555611988,51.81666666666666,17.975506022972016,4.6,55.0
