variable,rainfall_node1,rain_intensity_node1,accumulated_rainfall_24h_node1,canal_water_level_node1,rainfall_node2,rain_intensity_node2,accumulated_rainfall_24h_node2,canal_water_level_node2
rainfall_node1,1.0,0.7334784365794014,0.37852308698320064,-0.01147880681546056,0.06579057481837236,0.024866894857722224,0.16408730259423487,0.07497479127841143
rain_intensity_node1,0.7334784365794014,1.0,0.2603152956834531,-0.006444877198121754,0.023576787790654523,0.02159229346828123,0.12354725612441611,0.058070835385572575
accumulated_rainfall_24h_node1,0.37852308698320064,0.2603152956834531,1.0,-0.03780126373654215,0.08501797543452186,0.05399919512093304,0.24519753209359227,0.17097991519635358
canal_water_level_node1,-0.01147880681546056,-0.006444877198121754,-0.03780126373654215,1.0,-0.04951378773647424,-0.012540457413257966,-0.07432262618274765,-0.09093189987757809
rainfall_node2,0.06579057481837236,0.023576787790654523,0.08501797543452186,-0.04951378773647424,1.0,0.580276015802453,0.29012840295057074,0.02192887046773106
rain_intensity_node2,0.024866894857722224,0.02159229346828123,0.05399919512093304,-0.012540457413257966,0.580276015802453,1.0,0.24317378966155379,0.06700931840686211
accumulated_rainfall_24h_node2,0.16408730259423487,0.12354725612441611,0.24519753209359227,-0.07432262618274765,0.29012840295057074,0.24317378966155379,1.0,0.10439019763769883
canal_water_level_node2,0.07497479127841143,0.058070835385572575,0.17097991519635358,-0.09093189987757809,0.02192887046773106,0.06700931840686211,0.10439019763769883,1.0
