node_id,variable,mean,median,std,min,max
Node1,total_rainfall,38.08627450980392,16.799999999999997,68.81053122773531,0.0,373.1
Node1,rain_intensity,2.686576016576016,1.4,3.280370829679101,0.0,15.6
Node1,cumulative_total_rainfall,268.656862745098,146.3,315.70782268097315,0.5,950.6
Node1,canal_water_level,20.36725014244231,18.39650126884414,18.29829601126582,1.5,50.54273020038168
Node2,total_rainfall,156.41764705882355,44.1,359.75663869114766,0.0,2358.3
Node2,rain_intensity,5.820293214807104,2.7,8.450734890004126,0.0,44.67272727272727
Node2,cumulative_total_rainfall,1196.2470588235294,417.2000000000001,1651.7416086486344,0.7,4792.900000000001
Node2,canal_water_level,25.971152847331307,22.41769428231853,14.31604731417835,10.5,53.37598823139191
