{
  "purpose": "LSTM-ready supervised hourly datasets for canal water-level forecasting.",
  "leakage_rule": "Only current and historical features are used. Future event peaks and lag labels are excluded.",
  "sequence_length_hours": 24,
  "forecast_horizon_hours": 3,
  "nodes": [
    {
      "node_id": "Node1",
      "source": "C:\\Users\\User\\.thesis\\gattio\\Hydrologic Analysis V2\\preprocessed\\node1_hourly.csv",
      "rows_after_target_shift": 3261,
      "sequence_count": 3238,
      "sequence_length_hours": 24,
      "forecast_horizon_hours": 3,
      "feature_columns": [
        "rainfall",
        "rainrate",
        "waterlevel_clean",
        "waterlevel_change",
        "rainrate_change",
        "rainfall_cum_3h",
        "rainrate_cum_3h",
        "rainfall_cum_6h",
        "rainrate_cum_6h",
        "rainfall_cum_12h",
        "rainrate_cum_12h",
        "rainfall_cum_24h",
        "rainrate_cum_24h"
      ],
      "target_column": "waterlevel_clean",
      "splits": {
        "train": 2259,
        "test": 490,
        "validation": 489
      },
      "feature_scaler": {
        "rainfall": {
          "mean": 65.16901840490797,
          "std": 696.2869321131569
        },
        "rainrate": {
          "mean": 3.866432369608945,
          "std": 34.29893138798388
        },
        "waterlevel_clean": {
          "mean": 43.63000411071609,
          "std": 12.498542456029053
        },
        "waterlevel_change": {
          "mean": 0.0026568012764331727,
          "std": 3.8943734118449074
        },
        "rainrate_change": {
          "mean": -0.15622148812332856,
          "std": 31.193626997365516
        },
        "rainfall_cum_3h": {
          "mean": 195.50705521472415,
          "std": 1770.6221785528817
        },
        "rainrate_cum_3h": {
          "mean": 11.599297108826834,
          "std": 85.20196192692454
        },
        "rainfall_cum_6h": {
          "mean": 391.01042944785195,
          "std": 3105.3503319274064
        },
        "rainrate_cum_6h": {
          "mean": 23.19583348145735,
          "std": 148.24697446593794
        },
        "rainfall_cum_12h": {
          "mean": 781.9773006134967,
          "std": 5192.703203502853
        },
        "rainrate_cum_12h": {
          "mean": 46.37556266843618,
          "std": 235.6504206602304
        },
        "rainfall_cum_24h": {
          "mean": 1563.8858895705523,
          "std": 7938.63097055221
        },
        "rainrate_cum_24h": {
          "mean": 92.73287380313002,
          "std": 355.1161322162297
        }
      }
    },
    {
      "node_id": "Node2",
      "source": "C:\\Users\\User\\.thesis\\gattio\\Hydrologic Analysis V2\\preprocessed\\node2_hourly.csv",
      "rows_after_target_shift": 3313,
      "sequence_count": 3290,
      "sequence_length_hours": 24,
      "forecast_horizon_hours": 3,
      "feature_columns": [
        "rainfall",
        "rainrate",
        "waterlevel_clean",
        "waterlevel_change",
        "rainrate_change",
        "rainfall_cum_3h",
        "rainrate_cum_3h",
        "rainfall_cum_6h",
        "rainrate_cum_6h",
        "rainfall_cum_12h",
        "rainrate_cum_12h",
        "rainfall_cum_24h",
        "rainrate_cum_24h"
      ],
      "target_column": "waterlevel_clean",
      "splits": {
        "train": 2296,
        "validation": 497,
        "test": 497
      },
      "feature_scaler": {
        "rainfall": {
          "mean": 83.04493316084519,
          "std": 765.2701904258704
        },
        "rainrate": {
          "mean": 4.951551494620195,
          "std": 34.180837971127005
        },
        "waterlevel_clean": {
          "mean": 32.14582070251101,
          "std": 18.884060225691094
        },
        "waterlevel_change": {
          "mean": 0.0067773465574241685,
          "std": 5.756867404718503
        },
        "rainrate_change": {
          "mean": -0.007330746011211674,
          "std": 40.28747757575176
        },
        "rainfall_cum_3h": {
          "mean": 249.13479948253507,
          "std": 1812.4442140726285
        },
        "rainrate_cum_3h": {
          "mean": 14.854654483860593,
          "std": 73.83946000420048
        },
        "rainfall_cum_6h": {
          "mean": 498.2695989650711,
          "std": 2948.967440518446
        },
        "rainrate_cum_6h": {
          "mean": 29.70930896772117,
          "std": 120.79150171331186
        },
        "rainfall_cum_12h": {
          "mean": 996.5391979301422,
          "std": 4839.754118865619
        },
        "rainrate_cum_12h": {
          "mean": 59.418617935442356,
          "std": 193.44459756763172
        },
        "rainfall_cum_24h": {
          "mean": 1993.0783958602844,
          "std": 7472.4738684261165
        },
        "rainrate_cum_24h": {
          "mean": 118.83723587088467,
          "std": 296.72438413615816
        }
      }
    }
  ]
}