node_id,rainfall,rainrate,waterlevel_clean,waterlevel_change
Node1,45.96041666666666,2.7426306614729707,42.867592158663975,0.003906857775996605
Node2,92.404041013269,7.778616540834306,36.649270218399565,0.012518853695324279
