index,rainfall_node1,rainrate_node1,waterlevel_clean_node1,waterlevel_change_node1,rainfall_node2,rainrate_node2,waterlevel_clean_node2,waterlevel_change_node2
rainfall_node1,1.0,0.45800945847415353,0.053711028776248795,0.0042434953826849565,-0.006989113906059595,-0.011481484408235303,0.016569507629497427,-0.00038751315069293326
rainrate_node1,0.45800945847415353,1.0,0.05175980376141524,0.06130990562165112,-0.009068310423247534,-0.012474499773859683,0.012683675117465511,0.0025312136452890436
waterlevel_clean_node1,0.053711028776248795,0.05175980376141524,1.0,0.1609848728742868,-0.016479784037839854,0.007707771008092992,-0.020097758652330957,1.745713652689367e-05
waterlevel_change_node1,0.0042434953826849565,0.06130990562165112,0.1609848728742868,1.0,-0.031192420280184673,-0.0059737699599474335,0.014816959652703816,0.049680454684652306
rainfall_node2,-0.006989113906059595,-0.009068310423247534,-0.016479784037839854,-0.031192420280184673,1.0,0.5821962852781365,0.022797378963903485,-0.021393597294581557
rainrate_node2,-0.011481484408235303,-0.012474499773859683,0.007707771008092992,-0.0059737699599474335,0.5821962852781365,1.0,0.06104983649977432,-0.006512005741342926
waterlevel_clean_node2,0.016569507629497427,0.012683675117465511,-0.020097758652330957,0.014816959652703816,0.022797378963903485,0.06104983649977432,1.0,0.15349603428305394
waterlevel_change_node2,-0.00038751315069293326,0.0025312136452890436,1.745713652689367e-05,0.049680454684652306,-0.021393597294581557,-0.006512005741342926,0.15349603428305394,1.0
