index,rainfall_node1,rainrate_node1,waterlevel_clean_node1,waterlevel_change_node1,rainfall_node2,rainrate_node2,waterlevel_clean_node2,waterlevel_change_node2
rainfall_node1,1.0,0.8392862440165921,0.06521542094530774,-0.04968025807305856,0.18791114556677577,0.18235899653457094,0.009582210249377623,0.05732900950852084
rainrate_node1,0.8392862440165921,1.0,0.06185527140079163,-0.01937504495265234,0.17794850411132337,0.19849054666916088,-0.004984408904008341,0.048526217565225356
waterlevel_clean_node1,0.06521542094530774,0.06185527140079163,1.0,0.07637569694797337,-0.13647274088813133,-0.10641916055550688,-0.022541637022795005,-0.0024143972635399325
waterlevel_change_node1,-0.04968025807305856,-0.01937504495265234,0.07637569694797337,1.0,-0.002862909958473891,0.010844526949897147,0.014978014922633098,0.004816119671051777
rainfall_node2,0.18791114556677577,0.17794850411132337,-0.13647274088813133,-0.002862909958473891,1.0,0.8879459146279155,0.06489513100990373,-0.019519366252203286
rainrate_node2,0.18235899653457094,0.19849054666916088,-0.10641916055550688,0.010844526949897147,0.8879459146279155,1.0,0.05990543294447971,-0.038492434676634844
waterlevel_clean_node2,0.009582210249377623,-0.004984408904008341,-0.022541637022795005,0.014978014922633098,0.06489513100990373,0.05990543294447971,1.0,0.09780759835203436
waterlevel_change_node2,0.05732900950852084,0.048526217565225356,-0.0024143972635399325,0.004816119671051777,-0.019519366252203286,-0.038492434676634844,0.09780759835203436,1.0
